[{"url": "http://com-et-net.com/", "position": 0, "relevance": 0, "itemsURL": ["com et net com"], "title": ["agence web grenoble societe referencement grenoble"], "strong": "strategie digitale veille tracabilite gestion de stock recherche d informations notre nouvelle adresse 11 avenue paul verlaine 38100 grenoble tel 04 28 27 01 31 04 76 95 99 14 experts en developpement et en strategie marketing digitale site internet visible et accessible", "img": [], "h1": ["avec com net societe web et strategie digitale faites decoller votre projet"], "h2": ["solution web", "webmarketing", "applications"], "h3": ["quelques realisations de sites internet", "com et net a demenage et augmente sa presence sur grenoble", "com et net garde une antenne sur le vercors car nous voulons rester pres de tous nos clients historiques", "notre equipe", "christian pomot", "christophe pucciarelli", "elsa ramon", "juliette charrier", "qui sommes nous", "pour nous contacter"], "h4": [], "h5": [], "h6": [], "text": "nous realisons votre site web en choisissant la meilleure solution suivant vos besoins et votre coeur de metier vous voulez etre visible sur google confiez nous votre des solutions cles en main en mode saas sur la la la la dans un grand volume de donnees vous voulez discuter d un projet nous faire part de vos besoins fixons un rendez et developpons ensemble votre futur site web votre strategie digitale votre application specifique nous pouvons donc continuer a nous rencontrer pour chacun de vos projets sur villard de lans notre adresse a cependant change et nous nous situons a la balmette voir la page contact pour bien nous situer sur un plan d acces un numero est dedie a cette ligne au nous vous assurons une ecoute attentive pour la realisation de votre cahier des charges outre sa realisation technique nous prenons a coeur la gestion projet car son suivi scrupuleux est pour nous gage de reussite notre equipe est formee d pour que votre site internet soit realise dans les regles de l art et toujours a la pointe des nouvelles technologies pour que votre soit a votre coeur de cible nous avons developpe notre propre programme de referencement societe comnet 11 avenue paul verlaine 38100 grenoble 04 28 27 01 31 copyright c 2016 societe comnet"}, {"url": "https://www.amateurphotographer.co.uk/", "position": 1, "relevance": 1, "itemsURL": ["www amateurphotographer co uk"], "title": ["amateur photographer news camera reviews lens reviews equipment guides photography courses forums"], "strong": "member of the european imaging and sound association eisa member of the european imaging and sound association eisa", "img": ["amateur photographer", "amateur photographer", "amateur photographer", "amateur photographer", "amateur photographer cover", "amateur photographer", "amateur photographer", "canon eos r", "high iso", "handheld sharpness", "perspective main", "hobbies on perch", "secondhand lenses", "sony fe 24mm f14 gm sample image", "nikon z7", "samyang af 85mm f14 ef", "photography rules shoot at midday", "drone photography", "perdita petzl fairytale life", "sandra bartocha plants", "photography saved my life", "selling camera gear second hand shop window", "tyneham dorset", "amateur photographer ootober 13 cover for web", "eisa logo", "shin noguichi tokyo 2016", "steve mccurry india", "wild camping", "continuous light", "travel portraiture", "eisa logo", "amateur photographer cover"], "h1": ["amateur photographer", "amateur photographer", "amateur photographer", "review finder", "latest articles", "sample images", "equipment", "camera skills", "interviews", "expert advice", "review finder", "latest issue", "poll", "apoy", "latest discussions on the forum", "subscribe to our newsletter", "most popular articles", "techniques", "explore the site", "other ways to read", "get in touch", "search", "social"], "h2": ["canon eos r review", "how to make the most of high isos", "get sharper shots handheld", "keep things in perspective", "samsung galaxy a9 world s first phone with five cameras", "major robbery at ffordes leica fans watch out", "new version of photoshop elements", "cameraworld live is back with new cameras and good deals", "wildlife watch hobbies", "secondhand lenses ultimate buying guide", "photokina 2018 top 10 accessories", "sony fe 24mm f14 gm sample image gallery", "fujifilm xt3 sample image gallery updated", "sony fe 400mm f28 gm oss sample image gallery", "nikon z7 review", "canon eos r review hands on first look", "sigma 105mm f14 dg hsm review", "samyang af 85mm f14 ef review", "photography rules worth breaking", "drone photography tips for beginners", "food photography tips adding human interest", "a fairytale life interview with perdita petzl", "spring forward interview with sandra bartocha", "photography saved my life photography as therapy", "how to sell your old cameras and lenses", "photo location guide tyneham dorset", "amateur photographer 13 october issue", "member of the", "european imaging and sound association eisa", "best compact camera 2017 looking for better quality than your smartphone one of these is what you need", "best bridge cameras 2017 we take a look at the best bridge cameras currently on the market", "what makes great street photography", "how to make your own passport photos at home from passport photo size to printing", "steve mccurry mccurry s india", "get better landscape photographs", "get better stilllife shots with continuous lighting", "tips for better travel portraits travel photography masterclass", "member of the", "european imaging and sound association eisa"], "h3": [], "h4": ["june 2018 a night at the movies", "too hot", "time for a new sh car", "i knew there was a problem with beer but this is serious"], "h5": [], "h6": [], "text": "is this the fullframe mirrorless camera all canon users have been waiting for we reveal our verdict in amateur photographer 13 october we review nikon s z 7 we have a masterclass on filters some lightroom tips plus enter your email address below to receive email newsletters from amateur photographer by submitting your information you agree to the and by submitting your information you agree to the and give your landscape images an unfair advantage by camping at photogenic locations james abbott shares practical tips for staying in the great outdoors with continuous lighting polished product shots and carefully crafted stilllife photos are a joy to create explains james paterson people offer a fascinating insight into a destination s culture traditions and way of life matt parry explains how to get the best out of people for travel portraiture"}, {"url": "https://expertphotography.com/5-levels-amateur-photographer-which-group-are-you-in/", "position": 3, "relevance": 1, "itemsURL": ["expertphotography com", "5 levels amateur photographer which group are you in"], "title": ["the 5 levels of the amateur photographer which group are you in", "the 5 levels of the amateur photographer which group are you in"], "strong": "", "img": ["logo", "logo", "the 5 levels of the amateur photographer which group are you in", "6 reasons not to be scared of central composition girls c kevin landwerjohan", "logo", "dmcacom protection status", "facebookpixel", "facebookpixel"], "h1": ["the 5 levels of the amateur photographer which group are you in"], "h2": ["watch this free video to", "subscribe to our newsletter to watch now", "josh", "subscribe to our newsletter to watch now", "follow us", "site links", "categories", "courses ebooks", "products"], "h3": ["do you want to understand your camera and take great photos today", "expert photography", "level 1 the blind amateur", "level 2 the confused amateur", "level 3 the promising amateur", "level 4 the wise amateur", "level 5 the obsessive amateur", "related posts"], "h4": ["15 tips for beautiful rain photography", "6 reasons not to be scared of central composition", "how to take great group photos composition poses lighting"], "h5": [], "h6": [], "text": "do you want to understand your frustrating camera and take great photos today it seems to me that a lot of amateur photographers quickly lose interest in photography this is either because they struggle to get started or they re easily frustrated this is especially true for those who make the leap to dslrs it s much harder than it seems to digital slrs are very popular these days but most people seem to be unaware of the effort it takes to master photography and as this reminded me today it s not always that much fun if you re wondering how far away you are from becoming a professional photographer yourself i ve put together a little guide of the five different levels that you pass on the way read though see those you recognise and those you don t leave a comment below letting us know where you re at there s a progress every amateur photographer goes through before reaching the pro level and although it s by no means an exact science i think you can probably see that there s some steps that can t be missed if you read though this and you find that you re still only on level 2 but you ve already got a fan page set up and you re charging 50 for headshot sessions then it might be time to rethink your business model an amateur photographer pretending to be a professional photographer hurts the client the photographer and the industry hey i m josh i m photographer in chief here at expertphotography and i m in charge of making sure that we provide you with the best content from the most knowledgeable photographers in the world enjoy the site want to capture beautiful images without the frustration of a complicated camera your privacy is safe i will never share your information"}, {"url": "https://fr.wikipedia.org/wiki/Amateur_Photographer", "position": 4, "relevance": 1, "itemsURL": ["fr wikipedia org", "wiki", "Amateur Photographer"], "title": ["amateur photographer wikipedia"], "strong": "cet article est une ebauche concernant la photographie", "img": ["image illustrant la photographie", "image illustrative de l article amateur photographer", "drapeau royaumeuni", "consultez la documentation du modele", "portail de la presse ecrite", "portail de la photographie", "portail du royaumeuni", "wikimedia foundation", "powered by mediawiki"], "h1": ["amateur photographer"], "h2": ["menu de navigation"], "h3": ["outils personnels", "espaces de noms", "variantes", "affichages", "plus", "rechercher", "navigation", "contribuer", "outils", "imprimer exporter", "dans d autres projets", "dans d autres langues"], "h4": [], "h5": [], "h6": [], "text": "vous pouvez partager vos connaissances en l ameliorant selon les recommandations des est un hebdomadaire traitant de la depuis 1982 il est membre de l"}, {"url": "https://petapixel.com/2013/05/25/thoughts-on-amateur-and-professional-photography/", "position": 5, "relevance": 1, "itemsURL": ["petapixel com", "2013", "05", "25", "thoughts on amateur and professional photography"], "title": ["thoughts on  amateur  and  professional  photography"], "strong": "1 act professional 2 share your expertise 3 get testimonials and recommendations from clients 4 don t get caught up in the online hype about the author", "img": ["photography copy", "people8 copy", "bodycoconutflan copy", "people3 copy", "food20 copy", "people6 copy", "food8 copy", "quantcast"], "h1": ["petapixel", "thoughts on  amateur  and  professional  photography"], "h2": [], "h3": ["facebook", "twitter", "google", "prev", "next", "trending posts"], "h4": ["500 k likes", "1 m followers", "670 k followers", "71", "71", "music video features bullet time using 625 pinhole cameras and 35mm film", "photographer captures abstract photos showing lava up close", "this alienthemed maternity shoot is the stuff of nightmares", "long exposure photography from the cockpit of a 747", "sony emount wasn t designed for full frame leica exec says", "an instax camera with a leica m lens", "here s the sony a7 iii nikon z7 and canon eos r sidebyside", "where to focus in landscape photos and how to shoot sharper shots", "photos of the new futuristic library in china with 12 million books", "how teenage photographer john kraus shoots rocket launches", "is sony s color science really that bad", "kodak s new digitizing box is a simple way to bulk digitize film and prints", "70 inspirational quotes for photographers", "why you ll never find a camera that s been to the moon on ebay", "tourbox is like a gaming controller for photoshop and lightroom editing", "facebook s 3d photos have arrived", "5daydeal 2018 2500 in tools and resources by top photographers for just 89", "insta360 one x is a 57k 360deg action cam with  impossible  stabilization", "from lighting test to album cover the tale of a photo in the social media age", "samsung galaxy a9 is the first quadcamera phone", "combining a hasselblad 500cm and a fujifilm instax 9", "how i shot the falcon 9 rocket launch from an airline cockpit", "subscribe our newsletter", "to stay up to date"], "h5": [], "h6": [], "text": "we all know by now how yahoo ceo marissa mayer and the creative community during her presentation of the new flickr with she has since but the real issue is that the distinction between photographer and professional photographer is fuzzy at best in the minds of most people particularly those that know little about the world of photography an amateur photographer is someone that takes photos for fun and passion they enjoy the art of photography and appreciate the ability to preserve memories and moments despite being amateur they can and do take some of the most beautiful and breathtaking images you ll ever see a professional photographer is consistently compensated for their photographic work they have practiced and trained themselves to become at least competent at photography and to do it for others the other hallmark of a professional photographer is that they are a business entity from one person operations all the way to large studio outfits with many full time employees and assignments professional photographers use proposals contracts and have insurance they know how to perform at a consistent level every time through practice perseverance and effort the label of professional has less do with skill and talent and more to do with business operations there are great professional photographers who are not great photographers but they have mastered the other areas of their business that are an integral part of being successful they work hard at the accounting the marketing the networking the client relationships and the professional outreach and those parts are often much more important than the latest photoshop technique fancy gear or firmware update a professional delivers on a promise to get the shot oftentimes passion led them to choose to become a professional photographer but they now have many added pressures that are not optional anymore the analogy would be someone who loves to cook versus someone who makes a living cooking both can be called chefs but one is a professional by definition while the other person is someone who is passionate about food and cuisine but does not depend on it for their livelihood what does this mean for you the professional or aspiring professional photographer well for one don t let the words of a tech company ceo get you upset and actions speak louder than words when it comes to attracting positive attention as benjamin franklin once said well done is better than well said don t be a hipster with a and call yourself a professional photographer be the hipster with a great camera that show your potential clients that you can return calls and emails be on time invoice properly know what you re doing on set or know how to fake it people are hiring you for more than just your photographic expertise they are leaning on you for other services as well particularly if they haven t retained professional services before can you help them find great models locations makeuphairfoodprop stylists get permits etc you re being hired to solve a problem and provide solutions make your clients  lives as stress free as possible and you ll be worth more than you charge every time why do so many successful professional photographers blog use social media create tutorials and look to mentor others one because it s always good to pay it forward but it also demonstrates expertise and authority and it educates potential clients when you write a beautiful blog posts with gorgeous images and screen grabs it shows a prospective client who is vetting you that you know what you re doing and it offers a behind the scenes look at the process beyond the click of the shutter and validates your costs and fees too many people think professional photography is easy because all they ever see is the shoot they are not aware of the hours spent downloading cataloging editing and uploading if people knew how much effort and work goes into your craft they would better understand and be more willing to pay your fees because they would see the value in what you do have them write or say on video how wonderful and professional you are potential clients want to see satisfied clients you can tell everyone in the world what an amazing professional photographer you are until you are blue in the face but having someone say it for you will carry a lot more weight a professional photographer is pursuing financial success not just fame or exposure does having a really popular instagram account really further your business goals for most aspiring professional photographers basic classes in accounting marketing and business at a community college would be worth far more than any lens set of actions or photographic workshops w9s contracts and business insurance may not be sexy but if you want to make a living as a professional photographer they are absolutely crucial to your long term success copyright c 2018 petapixel"}, {"url": "https://digital-photography-school.com/what-defines-an-amateur-versus-a-professional-photographer/", "position": 6, "relevance": 0, "itemsURL": ["digital photography school com", "what defines an amateur versus a professional photographer"], "title": ["what defines an amateur versus a professional photographer"], "strong": "incorporate inquiry forms on your website s contact page have a quote and contract for every job after the job is complete send client an invoice dps offers a free weekly newsletter with free sample free sample free sample", "img": ["how to reverseengineer a photo", "an example of taking beautiful photos of nature", "preserving your digital memories", "sync your develop presets to lightroom mobile", "how to achieve a consistent and clean editing style feature image", "grid viewlightroominterface", "underwater photography with a gopro", "peak design travel backpack", "bob prosser", "bob prosser", "tax credits", "tax credits", "epsos de", "epsos de", "photography inquiry form", "photography inquiry form", "seattle s pike place market seattle washington james brandon photography", "test your photography skills with these 5 great photography competitions"], "h1": ["what defines an amateur versus a professional photographer"], "h2": ["what the dictionary says", "what the government says", "as a professional think of yourself as a business"], "h3": ["example work flow", "read more from our", "tips tutorials", "category", "join", "over 16 million", "subscribers"], "h4": [], "h5": [], "h6": [], "text": "a post by if you ve been taking photos for a while this question will undoubtedly cross your mind at some point am i a professional photographer or an amateur the idea of what separates an amateur from a professional sparks many debates and there are many ways of looking at it by bob prosser perhaps the most straightforward way of separating amateurs from professionals is looking in the dictionary by definition an amateur is a person who engages in a pursuit or activity for pleasure rather than for financial benefit on the other hand the definition of a professional is a little less straightforward sources define a professional as simply as one who earns a living for their occupation or as vague as a person who is expert at his or her work clearly it s this vagueness of what a professional is that is at the root of many debates still by using dictionary definitions we are left with the notion that if you are not pursuing photography for profit then you are considered an amateur and the reverse is true for professionals by tax credits regardless of how you personally classify yourself as a photographer it s more important to understand if the government sees you as a professional or an amateur depending on where you live and conduct your photo shoots there may be certain rules and regulations you need to abide by if you are a professional photographer for example american citizens who make money through photography are subject to paying federal and state income taxes on either an annual or quarterly basis depending on the amount of income earned there are also state and federal business licenses that must be obtained and depending on the type of photography you do you may even need to collect sales tax from your clients however one bright side to being a professional photographer in the government s eyes is the ability to writeoff certain photography expenses to lower your overall tax obligations these licenses fees and taxes will vary according to where you live but it s important to do your research and make sure you are operating within the laws to avoid future penalties i recommend consulting with a local tax professional to make sure you are squared away bottom line most governments say that if you are collecting a paycheck for your photography work then you are considered a professional and with this designation comes responsibilities by epsos de dictionary and government definitions aside another way to distinguish yourself as a professional is to confidently present yourself as a business not just a photographer think of any small businesses you patronize regularly and all of the aspects that make them a respectable commercial entity everything from customer service and marketing to accounting and operations are vital pieces that should be part of your own photography business one aspect that is particularly important for separating yourself as a professional photographer is the way you handle new client inquiries have a comprehensive process in place such as a form or worksheet that helps your client thoroughly and efficiently present the scope of work they have in mind also have your own rate sheets contracts and invoices set up and ready to be filled out by making the initial inquiry process easy for your client you are not only gaining their trust in you but also making your own work flow easier so what do you think how do you define the difference between a professional photographer and an amateur is an internationally published her photos appear regularly in eater and getty images she is also a blogger who teaches others there are way too many gwcs out there who while technically are considered as professional talking to any of their clients would certainly prove to all that they are anything but professional and they are the ones making as all look bad as a community when do you answer with i am a photographer a when someone asks you what you do for a living b when someone asks you what your hobby is titles matter if i ask someone what they do for a living they usually answer with i am in sales i am an accountant i am a ballet dancer i am an engineer i am an it professional i am a network engineer and so forthowning a computer doesn t make someone a programmer just like owning a pair of pointe shoes doesn t make someone a ballet dancer no owning a camera does not make someone a photographer anymore than owning a lawn mower doesn t make someone a landscaping company if i meet someone today at a networking event i will answer with i am a professional photographer and follow up upon their answer with specialized in architectural photography this is a polite introduction as far as i am concerned when i go to disneyworld i am an amateur photographer because i photograph all sorts of things i don t paid for macro photography is my hobby architectural photography is my day job titles matter actually because you want people to perceive you for what you really are and not as someone who has no clear focus of what they do and who they are i am not in some witness protection program to call myself things i am not i am not going to introduce myself to someone with i am a chef because i have a 5 burner gas stove and a professional mixer in my kitchen that this is my day job and frankly i demand respect for that frankly when one has to demand respect it is usually because they haven t earned it so what you re saying is that those who call photography their day job should be mocked instead i suggest you watch this class then you re a professional photographer when photography is your main source of income nothing more nothing less you said it if being a professional photographer means that it is my business then i don t ever want to be called one for me photography is my release from the stress of life i feel if i ever think of it as a way to make money everything will change i m addicted to the feeling of seeing our world through new eyes as i learn to see shadows and light shapes and angles and shades of colors it s an amazing feeling saludos desde chile john follow me at jaxchiletumblrcom my experiences through photography in the true deep south south america i m completely with you i guess i m an experienced amateur but just as with baking i know if i turned photography into a business it would lose the fun and relaxation for me i agree with you 100 i love photography and it s one of my passions and if i had to do it for money it would ruin the experience thank you for sharing your link with us i like the expression  enthusiastic amateur i think the terms amatuer and professional are misleadingwhile i agree with the article in defining as to whether one gets paid as the definition of a professional it seems that we use those terms to assign a skill level the use of the word photographer seems to get closer to what we are trying to define but still doesn t really do the trick for example someone that is successful on instagram and isn t famous may indeed be using some or all the principles of photography however if the medium they use is primarily the phone and the principles they follow are mostly composition and use of natural light i m not sure i would agree that calling that person a photographer would be accurate they may have mastered some of the tools but not all it appears that what we are lacking is a classification system that 1 allows us to identify the skills and abilities we currently possess and where we are at in developing those skills 2 measure our ability to apply those skills in producing our images 3 shows our ability to consistently reproduce the conditions that are present in the images we create to borrow from the trades a better system would be something like apprentice photographer journeyman photographer photographer and master photographer this would indicate the level of skill a person has obtained and their ability to execute it if you specialize like a trim carpenter then a category of that specialization could be assigned to indicate your skills in that category using my previously cited example the instangram person may be a social media photographer or master social media photographer and while we already do have the categories what we are lacking are good terms that indicate knowledge skills and experience i don t believe that terms amatuer and professional cover this and that is why i think it feels so distasteful for so many really good photographers to be called amatuer ok so i m an enthusiastic amateur i ve been happily snapping away since i was 13 that s 70 years i take photographs for my own enjoyment i have no wish to make money from them and after all this time i m still learning same i love photography as escape great comment i d love to make money with that but no pressure no taxes lol c 2006 2018 digital photography school all rights reserved thanks for subscribing"}]